Image_id,Expected
img0.jpg,homer_simpson
img1.jpg,abraham_grampa_simpson
img2.jpg,homer_simpson
img3.jpg,abraham_grampa_simpson
img4.jpg,abraham_grampa_simpson
img5.jpg,abraham_grampa_simpson
img6.jpg,abraham_grampa_simpson
img7.jpg,sideshow_bob
img8.jpg,homer_simpson
img9.jpg,abraham_grampa_simpson
img10.jpg,abraham_grampa_simpson
img11.jpg,ned_flanders
img12.jpg,abraham_grampa_simpson
img13.jpg,homer_simpson
img14.jpg,abraham_grampa_simpson
img15.jpg,sideshow_bob
img16.jpg,abraham_grampa_simpson
img17.jpg,homer_simpson
img18.jpg,homer_simpson
img19.jpg,homer_simpson
img20.jpg,ned_flanders
img21.jpg,homer_simpson
img22.jpg,homer_simpson
img23.jpg,abraham_grampa_simpson
img24.jpg,homer_simpson
img25.jpg,abraham_grampa_simpson
img26.jpg,homer_simpson
img27.jpg,abraham_grampa_simpson
img28.jpg,abraham_grampa_simpson
img29.jpg,homer_simpson
img30.jpg,sideshow_bob
img31.jpg,abraham_grampa_simpson
img32.jpg,abraham_grampa_simpson
img33.jpg,homer_simpson
img34.jpg,homer_simpson
img35.jpg,homer_simpson
img36.jpg,homer_simpson
img37.jpg,sideshow_bob
img38.jpg,abraham_grampa_simpson
img39.jpg,abraham_grampa_simpson
img40.jpg,abraham_grampa_simpson
img41.jpg,homer_simpson
img42.jpg,sideshow_bob
img43.jpg,homer_simpson
img44.jpg,sideshow_bob
img45.jpg,homer_simpson
img46.jpg,sideshow_bob
img47.jpg,homer_simpson
img48.jpg,comic_book_guy
img49.jpg,homer_simpson
img50.jpg,abraham_grampa_simpson
img51.jpg,abraham_grampa_simpson
img52.jpg,sideshow_bob
img53.jpg,moe_szyslak
img54.jpg,homer_simpson
img55.jpg,ned_flanders
img56.jpg,homer_simpson
img57.jpg,homer_simpson
img58.jpg,abraham_grampa_simpson
img59.jpg,abraham_grampa_simpson
img60.jpg,homer_simpson
img61.jpg,sideshow_bob
img62.jpg,abraham_grampa_simpson
img63.jpg,homer_simpson
img64.jpg,abraham_grampa_simpson
img65.jpg,lisa_simpson
img66.jpg,homer_simpson
img67.jpg,marge_simpson
img68.jpg,abraham_grampa_simpson
img69.jpg,abraham_grampa_simpson
img70.jpg,homer_simpson
img71.jpg,ned_flanders
img72.jpg,ned_flanders
img73.jpg,abraham_grampa_simpson
img74.jpg,abraham_grampa_simpson
img75.jpg,bart_simpson
img76.jpg,homer_simpson
img77.jpg,abraham_grampa_simpson
img78.jpg,homer_simpson
img79.jpg,homer_simpson
img80.jpg,abraham_grampa_simpson
img81.jpg,abraham_grampa_simpson
img82.jpg,homer_simpson
img83.jpg,abraham_grampa_simpson
img84.jpg,sideshow_bob
img85.jpg,homer_simpson
img86.jpg,abraham_grampa_simpson
img87.jpg,homer_simpson
img88.jpg,abraham_grampa_simpson
img89.jpg,abraham_grampa_simpson
img90.jpg,homer_simpson
img91.jpg,homer_simpson
img92.jpg,maggie_simpson
img93.jpg,homer_simpson
img94.jpg,abraham_grampa_simpson
img95.jpg,abraham_grampa_simpson
img96.jpg,abraham_grampa_simpson
img97.jpg,homer_simpson
img98.jpg,ned_flanders
img99.jpg,lisa_simpson
img100.jpg,abraham_grampa_simpson
img101.jpg,homer_simpson
img102.jpg,homer_simpson
img103.jpg,homer_simpson
img104.jpg,marge_simpson
img105.jpg,lisa_simpson
img106.jpg,abraham_grampa_simpson
img107.jpg,abraham_grampa_simpson
img108.jpg,sideshow_bob
img109.jpg,sideshow_bob
img110.jpg,homer_simpson
img111.jpg,abraham_grampa_simpson
img112.jpg,sideshow_bob
img113.jpg,homer_simpson
img114.jpg,ned_flanders
img115.jpg,homer_simpson
img116.jpg,sideshow_bob
img117.jpg,homer_simpson
img118.jpg,abraham_grampa_simpson
img119.jpg,homer_simpson
img120.jpg,abraham_grampa_simpson
img121.jpg,abraham_grampa_simpson
img122.jpg,marge_simpson
img123.jpg,lenny_leonard
img124.jpg,ned_flanders
img125.jpg,homer_simpson
img126.jpg,sideshow_bob
img127.jpg,lisa_simpson
img128.jpg,marge_simpson
img129.jpg,abraham_grampa_simpson
img130.jpg,sideshow_bob
img131.jpg,abraham_grampa_simpson
img132.jpg,sideshow_bob
img133.jpg,abraham_grampa_simpson
img134.jpg,ned_flanders
img135.jpg,abraham_grampa_simpson
img136.jpg,homer_simpson
img137.jpg,ned_flanders
img138.jpg,homer_simpson
img139.jpg,abraham_grampa_simpson
img140.jpg,sideshow_bob
img141.jpg,homer_simpson
img142.jpg,comic_book_guy
img143.jpg,ned_flanders
img144.jpg,homer_simpson
img145.jpg,lisa_simpson
img146.jpg,abraham_grampa_simpson
img147.jpg,abraham_grampa_simpson
img148.jpg,sideshow_bob
img149.jpg,abraham_grampa_simpson
img150.jpg,homer_simpson
img151.jpg,krusty_the_clown
img152.jpg,abraham_grampa_simpson
img153.jpg,homer_simpson
img154.jpg,homer_simpson
img155.jpg,sideshow_bob
img156.jpg,homer_simpson
img157.jpg,abraham_grampa_simpson
img158.jpg,ned_flanders
img159.jpg,sideshow_bob
img160.jpg,abraham_grampa_simpson
img161.jpg,abraham_grampa_simpson
img162.jpg,marge_simpson
img163.jpg,abraham_grampa_simpson
img164.jpg,homer_simpson
img165.jpg,homer_simpson
img166.jpg,homer_simpson
img167.jpg,abraham_grampa_simpson
img168.jpg,sideshow_bob
img169.jpg,sideshow_bob
img170.jpg,abraham_grampa_simpson
img171.jpg,homer_simpson
img172.jpg,abraham_grampa_simpson
img173.jpg,abraham_grampa_simpson
img174.jpg,homer_simpson
img175.jpg,homer_simpson
img176.jpg,homer_simpson
img177.jpg,ned_flanders
img178.jpg,lisa_simpson
img179.jpg,abraham_grampa_simpson
img180.jpg,chief_wiggum
img181.jpg,homer_simpson
img182.jpg,abraham_grampa_simpson
img183.jpg,abraham_grampa_simpson
img184.jpg,abraham_grampa_simpson
img185.jpg,homer_simpson
img186.jpg,ned_flanders
img187.jpg,homer_simpson
img188.jpg,homer_simpson
img189.jpg,homer_simpson
img190.jpg,ned_flanders
img191.jpg,sideshow_bob
img192.jpg,homer_simpson
img193.jpg,homer_simpson
img194.jpg,homer_simpson
img195.jpg,homer_simpson
img196.jpg,homer_simpson
img197.jpg,homer_simpson
img198.jpg,homer_simpson
img199.jpg,abraham_grampa_simpson
img200.jpg,abraham_grampa_simpson
img201.jpg,homer_simpson
img202.jpg,sideshow_bob
img203.jpg,abraham_grampa_simpson
img204.jpg,abraham_grampa_simpson
img205.jpg,homer_simpson
img206.jpg,abraham_grampa_simpson
img207.jpg,abraham_grampa_simpson
img208.jpg,ned_flanders
img209.jpg,homer_simpson
img210.jpg,abraham_grampa_simpson
img211.jpg,ned_flanders
img212.jpg,abraham_grampa_simpson
img213.jpg,charles_montgomery_burns
img214.jpg,homer_simpson
img215.jpg,abraham_grampa_simpson
img216.jpg,homer_simpson
img217.jpg,homer_simpson
img218.jpg,ned_flanders
img219.jpg,lisa_simpson
img220.jpg,homer_simpson
img221.jpg,abraham_grampa_simpson
img222.jpg,homer_simpson
img223.jpg,homer_simpson
img224.jpg,homer_simpson
img225.jpg,homer_simpson
img226.jpg,abraham_grampa_simpson
img227.jpg,ned_flanders
img228.jpg,homer_simpson
img229.jpg,abraham_grampa_simpson
img230.jpg,ned_flanders
img231.jpg,homer_simpson
img232.jpg,abraham_grampa_simpson
img233.jpg,abraham_grampa_simpson
img234.jpg,homer_simpson
img235.jpg,abraham_grampa_simpson
img236.jpg,ned_flanders
img237.jpg,abraham_grampa_simpson
img238.jpg,homer_simpson
img239.jpg,homer_simpson
img240.jpg,homer_simpson
img241.jpg,abraham_grampa_simpson
img242.jpg,abraham_grampa_simpson
img243.jpg,homer_simpson
img244.jpg,abraham_grampa_simpson
img245.jpg,homer_simpson
img246.jpg,ned_flanders
img247.jpg,abraham_grampa_simpson
img248.jpg,ned_flanders
img249.jpg,lisa_simpson
img250.jpg,homer_simpson
img251.jpg,homer_simpson
img252.jpg,abraham_grampa_simpson
img253.jpg,homer_simpson
img254.jpg,ned_flanders
img255.jpg,homer_simpson
img256.jpg,homer_simpson
img257.jpg,homer_simpson
img258.jpg,sideshow_bob
img259.jpg,homer_simpson
img260.jpg,abraham_grampa_simpson
img261.jpg,abraham_grampa_simpson
img262.jpg,homer_simpson
img263.jpg,principal_skinner
img264.jpg,bart_simpson
img265.jpg,homer_simpson
img266.jpg,ned_flanders
img267.jpg,homer_simpson
img268.jpg,homer_simpson
img269.jpg,maggie_simpson
img270.jpg,bart_simpson
img271.jpg,lisa_simpson
img272.jpg,homer_simpson
img273.jpg,comic_book_guy
img274.jpg,homer_simpson
img275.jpg,homer_simpson
img276.jpg,abraham_grampa_simpson
img277.jpg,abraham_grampa_simpson
img278.jpg,abraham_grampa_simpson
img279.jpg,abraham_grampa_simpson
img280.jpg,homer_simpson
img281.jpg,homer_simpson
img282.jpg,homer_simpson
img283.jpg,homer_simpson
img284.jpg,homer_simpson
img285.jpg,homer_simpson
img286.jpg,homer_simpson
img287.jpg,ned_flanders
img288.jpg,homer_simpson
img289.jpg,homer_simpson
img290.jpg,abraham_grampa_simpson
img291.jpg,abraham_grampa_simpson
img292.jpg,marge_simpson
img293.jpg,homer_simpson
img294.jpg,sideshow_bob
img295.jpg,abraham_grampa_simpson
img296.jpg,homer_simpson
img297.jpg,abraham_grampa_simpson
img298.jpg,homer_simpson
img299.jpg,abraham_grampa_simpson
img300.jpg,abraham_grampa_simpson
img301.jpg,homer_simpson
img302.jpg,homer_simpson
img303.jpg,homer_simpson
img304.jpg,homer_simpson
img305.jpg,sideshow_bob
img306.jpg,homer_simpson
img307.jpg,homer_simpson
img308.jpg,homer_simpson
img309.jpg,homer_simpson
img310.jpg,ned_flanders
img311.jpg,bart_simpson
img312.jpg,homer_simpson
img313.jpg,abraham_grampa_simpson
img314.jpg,abraham_grampa_simpson
img315.jpg,comic_book_guy
img316.jpg,sideshow_bob
img317.jpg,comic_book_guy
img318.jpg,bart_simpson
img319.jpg,abraham_grampa_simpson
img320.jpg,abraham_grampa_simpson
img321.jpg,marge_simpson
img322.jpg,sideshow_bob
img323.jpg,abraham_grampa_simpson
img324.jpg,homer_simpson
img325.jpg,homer_simpson
img326.jpg,homer_simpson
img327.jpg,abraham_grampa_simpson
img328.jpg,marge_simpson
img329.jpg,abraham_grampa_simpson
img330.jpg,marge_simpson
img331.jpg,ned_flanders
img332.jpg,abraham_grampa_simpson
img333.jpg,ned_flanders
img334.jpg,abraham_grampa_simpson
img335.jpg,ned_flanders
img336.jpg,abraham_grampa_simpson
img337.jpg,homer_simpson
img338.jpg,abraham_grampa_simpson
img339.jpg,sideshow_bob
img340.jpg,abraham_grampa_simpson
img341.jpg,abraham_grampa_simpson
img342.jpg,homer_simpson
img343.jpg,krusty_the_clown
img344.jpg,ned_flanders
img345.jpg,ned_flanders
img346.jpg,homer_simpson
img347.jpg,abraham_grampa_simpson
img348.jpg,abraham_grampa_simpson
img349.jpg,abraham_grampa_simpson
img350.jpg,homer_simpson
img351.jpg,homer_simpson
img352.jpg,sideshow_bob
img353.jpg,homer_simpson
img354.jpg,marge_simpson
img355.jpg,bart_simpson
img356.jpg,marge_simpson
img357.jpg,ned_flanders
img358.jpg,sideshow_bob
img359.jpg,homer_simpson
img360.jpg,homer_simpson
img361.jpg,homer_simpson
img362.jpg,homer_simpson
img363.jpg,homer_simpson
img364.jpg,abraham_grampa_simpson
img365.jpg,abraham_grampa_simpson
img366.jpg,marge_simpson
img367.jpg,homer_simpson
img368.jpg,abraham_grampa_simpson
img369.jpg,homer_simpson
img370.jpg,homer_simpson
img371.jpg,homer_simpson
img372.jpg,ned_flanders
img373.jpg,abraham_grampa_simpson
img374.jpg,homer_simpson
img375.jpg,abraham_grampa_simpson
img376.jpg,comic_book_guy
img377.jpg,homer_simpson
img378.jpg,sideshow_bob
img379.jpg,homer_simpson
img380.jpg,abraham_grampa_simpson
img381.jpg,marge_simpson
img382.jpg,homer_simpson
img383.jpg,abraham_grampa_simpson
img384.jpg,sideshow_bob
img385.jpg,homer_simpson
img386.jpg,homer_simpson
img387.jpg,homer_simpson
img388.jpg,abraham_grampa_simpson
img389.jpg,abraham_grampa_simpson
img390.jpg,abraham_grampa_simpson
img391.jpg,abraham_grampa_simpson
img392.jpg,homer_simpson
img393.jpg,sideshow_bob
img394.jpg,homer_simpson
img395.jpg,abraham_grampa_simpson
img396.jpg,abraham_grampa_simpson
img397.jpg,abraham_grampa_simpson
img398.jpg,homer_simpson
img399.jpg,abraham_grampa_simpson
img400.jpg,abraham_grampa_simpson
img401.jpg,homer_simpson
img402.jpg,abraham_grampa_simpson
img403.jpg,ned_flanders
img404.jpg,homer_simpson
img405.jpg,abraham_grampa_simpson
img406.jpg,ned_flanders
img407.jpg,abraham_grampa_simpson
img408.jpg,homer_simpson
img409.jpg,abraham_grampa_simpson
img410.jpg,abraham_grampa_simpson
img411.jpg,principal_skinner
img412.jpg,abraham_grampa_simpson
img413.jpg,sideshow_bob
img414.jpg,homer_simpson
img415.jpg,homer_simpson
img416.jpg,abraham_grampa_simpson
img417.jpg,homer_simpson
img418.jpg,marge_simpson
img419.jpg,abraham_grampa_simpson
img420.jpg,abraham_grampa_simpson
img421.jpg,homer_simpson
img422.jpg,abraham_grampa_simpson
img423.jpg,homer_simpson
img424.jpg,homer_simpson
img425.jpg,homer_simpson
img426.jpg,abraham_grampa_simpson
img427.jpg,abraham_grampa_simpson
img428.jpg,homer_simpson
img429.jpg,sideshow_bob
img430.jpg,abraham_grampa_simpson
img431.jpg,krusty_the_clown
img432.jpg,homer_simpson
img433.jpg,homer_simpson
img434.jpg,homer_simpson
img435.jpg,sideshow_bob
img436.jpg,homer_simpson
img437.jpg,sideshow_bob
img438.jpg,homer_simpson
img439.jpg,ned_flanders
img440.jpg,homer_simpson
img441.jpg,abraham_grampa_simpson
img442.jpg,sideshow_bob
img443.jpg,sideshow_bob
img444.jpg,homer_simpson
img445.jpg,homer_simpson
img446.jpg,homer_simpson
img447.jpg,abraham_grampa_simpson
img448.jpg,homer_simpson
img449.jpg,homer_simpson
img450.jpg,comic_book_guy
img451.jpg,homer_simpson
img452.jpg,lisa_simpson
img453.jpg,marge_simpson
img454.jpg,ned_flanders
img455.jpg,sideshow_bob
img456.jpg,comic_book_guy
img457.jpg,homer_simpson
img458.jpg,abraham_grampa_simpson
img459.jpg,abraham_grampa_simpson
img460.jpg,homer_simpson
img461.jpg,marge_simpson
img462.jpg,sideshow_bob
img463.jpg,sideshow_bob
img464.jpg,homer_simpson
img465.jpg,sideshow_bob
img466.jpg,homer_simpson
img467.jpg,homer_simpson
img468.jpg,abraham_grampa_simpson
img469.jpg,abraham_grampa_simpson
img470.jpg,homer_simpson
img471.jpg,homer_simpson
img472.jpg,homer_simpson
img473.jpg,homer_simpson
img474.jpg,abraham_grampa_simpson
img475.jpg,homer_simpson
img476.jpg,sideshow_bob
img477.jpg,sideshow_bob
img478.jpg,ned_flanders
img479.jpg,lisa_simpson
img480.jpg,homer_simpson
img481.jpg,homer_simpson
img482.jpg,homer_simpson
img483.jpg,ned_flanders
img484.jpg,homer_simpson
img485.jpg,sideshow_bob
img486.jpg,ned_flanders
img487.jpg,chief_wiggum
img488.jpg,abraham_grampa_simpson
img489.jpg,marge_simpson
img490.jpg,ned_flanders
img491.jpg,homer_simpson
img492.jpg,homer_simpson
img493.jpg,homer_simpson
img494.jpg,lisa_simpson
img495.jpg,ned_flanders
img496.jpg,homer_simpson
img497.jpg,abraham_grampa_simpson
img498.jpg,homer_simpson
img499.jpg,homer_simpson
img500.jpg,marge_simpson
img501.jpg,principal_skinner
img502.jpg,abraham_grampa_simpson
img503.jpg,marge_simpson
img504.jpg,ned_flanders
img505.jpg,abraham_grampa_simpson
img506.jpg,abraham_grampa_simpson
img507.jpg,abraham_grampa_simpson
img508.jpg,abraham_grampa_simpson
img509.jpg,homer_simpson
img510.jpg,abraham_grampa_simpson
img511.jpg,homer_simpson
img512.jpg,ned_flanders
img513.jpg,principal_skinner
img514.jpg,marge_simpson
img515.jpg,abraham_grampa_simpson
img516.jpg,abraham_grampa_simpson
img517.jpg,homer_simpson
img518.jpg,abraham_grampa_simpson
img519.jpg,abraham_grampa_simpson
img520.jpg,abraham_grampa_simpson
img521.jpg,ned_flanders
img522.jpg,abraham_grampa_simpson
img523.jpg,moe_szyslak
img524.jpg,homer_simpson
img525.jpg,homer_simpson
img526.jpg,homer_simpson
img527.jpg,abraham_grampa_simpson
img528.jpg,ned_flanders
img529.jpg,abraham_grampa_simpson
img530.jpg,abraham_grampa_simpson
img531.jpg,homer_simpson
img532.jpg,abraham_grampa_simpson
img533.jpg,comic_book_guy
img534.jpg,homer_simpson
img535.jpg,ned_flanders
img536.jpg,homer_simpson
img537.jpg,homer_simpson
img538.jpg,abraham_grampa_simpson
img539.jpg,sideshow_bob
img540.jpg,abraham_grampa_simpson
img541.jpg,abraham_grampa_simpson
img542.jpg,homer_simpson
img543.jpg,abraham_grampa_simpson
img544.jpg,abraham_grampa_simpson
img545.jpg,lisa_simpson
img546.jpg,abraham_grampa_simpson
img547.jpg,homer_simpson
img548.jpg,ned_flanders
img549.jpg,sideshow_bob
img550.jpg,abraham_grampa_simpson
img551.jpg,ned_flanders
img552.jpg,ned_flanders
img553.jpg,homer_simpson
img554.jpg,homer_simpson
img555.jpg,maggie_simpson
img556.jpg,homer_simpson
img557.jpg,sideshow_bob
img558.jpg,homer_simpson
img559.jpg,abraham_grampa_simpson
img560.jpg,abraham_grampa_simpson
img561.jpg,homer_simpson
img562.jpg,abraham_grampa_simpson
img563.jpg,comic_book_guy
img564.jpg,abraham_grampa_simpson
img565.jpg,homer_simpson
img566.jpg,marge_simpson
img567.jpg,bart_simpson
img568.jpg,homer_simpson
img569.jpg,homer_simpson
img570.jpg,homer_simpson
img571.jpg,homer_simpson
img572.jpg,sideshow_bob
img573.jpg,sideshow_bob
img574.jpg,abraham_grampa_simpson
img575.jpg,homer_simpson
img576.jpg,abraham_grampa_simpson
img577.jpg,sideshow_bob
img578.jpg,abraham_grampa_simpson
img579.jpg,abraham_grampa_simpson
img580.jpg,abraham_grampa_simpson
img581.jpg,lisa_simpson
img582.jpg,homer_simpson
img583.jpg,homer_simpson
img584.jpg,abraham_grampa_simpson
img585.jpg,sideshow_bob
img586.jpg,homer_simpson
img587.jpg,homer_simpson
img588.jpg,homer_simpson
img589.jpg,homer_simpson
img590.jpg,homer_simpson
img591.jpg,bart_simpson
img592.jpg,abraham_grampa_simpson
img593.jpg,homer_simpson
img594.jpg,homer_simpson
img595.jpg,homer_simpson
img596.jpg,sideshow_bob
img597.jpg,maggie_simpson
img598.jpg,abraham_grampa_simpson
img599.jpg,homer_simpson
img600.jpg,homer_simpson
img601.jpg,abraham_grampa_simpson
img602.jpg,ned_flanders
img603.jpg,sideshow_bob
img604.jpg,abraham_grampa_simpson
img605.jpg,abraham_grampa_simpson
img606.jpg,homer_simpson
img607.jpg,sideshow_bob
img608.jpg,abraham_grampa_simpson
img609.jpg,sideshow_bob
img610.jpg,abraham_grampa_simpson
img611.jpg,homer_simpson
img612.jpg,homer_simpson
img613.jpg,abraham_grampa_simpson
img614.jpg,abraham_grampa_simpson
img615.jpg,homer_simpson
img616.jpg,homer_simpson
img617.jpg,principal_skinner
img618.jpg,abraham_grampa_simpson
img619.jpg,abraham_grampa_simpson
img620.jpg,marge_simpson
img621.jpg,abraham_grampa_simpson
img622.jpg,abraham_grampa_simpson
img623.jpg,abraham_grampa_simpson
img624.jpg,sideshow_bob
img625.jpg,apu_nahasapeemapetilon
img626.jpg,comic_book_guy
img627.jpg,homer_simpson
img628.jpg,abraham_grampa_simpson
img629.jpg,homer_simpson
img630.jpg,sideshow_bob
img631.jpg,abraham_grampa_simpson
img632.jpg,homer_simpson
img633.jpg,chief_wiggum
img634.jpg,ned_flanders
img635.jpg,ned_flanders
img636.jpg,abraham_grampa_simpson
img637.jpg,sideshow_bob
img638.jpg,homer_simpson
img639.jpg,ned_flanders
img640.jpg,abraham_grampa_simpson
img641.jpg,marge_simpson
img642.jpg,homer_simpson
img643.jpg,homer_simpson
img644.jpg,homer_simpson
img645.jpg,homer_simpson
img646.jpg,ned_flanders
img647.jpg,sideshow_bob
img648.jpg,homer_simpson
img649.jpg,abraham_grampa_simpson
img650.jpg,homer_simpson
img651.jpg,homer_simpson
img652.jpg,homer_simpson
img653.jpg,ned_flanders
img654.jpg,abraham_grampa_simpson
img655.jpg,bart_simpson
img656.jpg,bart_simpson
img657.jpg,abraham_grampa_simpson
img658.jpg,homer_simpson
img659.jpg,abraham_grampa_simpson
img660.jpg,homer_simpson
img661.jpg,homer_simpson
img662.jpg,lisa_simpson
img663.jpg,abraham_grampa_simpson
img664.jpg,abraham_grampa_simpson
img665.jpg,homer_simpson
img666.jpg,abraham_grampa_simpson
img667.jpg,abraham_grampa_simpson
img668.jpg,abraham_grampa_simpson
img669.jpg,homer_simpson
img670.jpg,homer_simpson
img671.jpg,abraham_grampa_simpson
img672.jpg,homer_simpson
img673.jpg,sideshow_bob
img674.jpg,ned_flanders
img675.jpg,abraham_grampa_simpson
img676.jpg,ned_flanders
img677.jpg,abraham_grampa_simpson
img678.jpg,abraham_grampa_simpson
img679.jpg,homer_simpson
img680.jpg,abraham_grampa_simpson
img681.jpg,abraham_grampa_simpson
img682.jpg,abraham_grampa_simpson
img683.jpg,homer_simpson
img684.jpg,abraham_grampa_simpson
img685.jpg,sideshow_bob
img686.jpg,homer_simpson
img687.jpg,homer_simpson
img688.jpg,abraham_grampa_simpson
img689.jpg,abraham_grampa_simpson
img690.jpg,abraham_grampa_simpson
img691.jpg,homer_simpson
img692.jpg,homer_simpson
img693.jpg,abraham_grampa_simpson
img694.jpg,homer_simpson
img695.jpg,sideshow_bob
img696.jpg,homer_simpson
img697.jpg,marge_simpson
img698.jpg,ned_flanders
img699.jpg,abraham_grampa_simpson
img700.jpg,ned_flanders
img701.jpg,homer_simpson
img702.jpg,abraham_grampa_simpson
img703.jpg,abraham_grampa_simpson
img704.jpg,homer_simpson
img705.jpg,abraham_grampa_simpson
img706.jpg,charles_montgomery_burns
img707.jpg,homer_simpson
img708.jpg,abraham_grampa_simpson
img709.jpg,homer_simpson
img710.jpg,homer_simpson
img711.jpg,sideshow_bob
img712.jpg,abraham_grampa_simpson
img713.jpg,abraham_grampa_simpson
img714.jpg,abraham_grampa_simpson
img715.jpg,homer_simpson
img716.jpg,homer_simpson
img717.jpg,abraham_grampa_simpson
img718.jpg,abraham_grampa_simpson
img719.jpg,marge_simpson
img720.jpg,ned_flanders
img721.jpg,abraham_grampa_simpson
img722.jpg,abraham_grampa_simpson
img723.jpg,homer_simpson
img724.jpg,abraham_grampa_simpson
img725.jpg,abraham_grampa_simpson
img726.jpg,abraham_grampa_simpson
img727.jpg,homer_simpson
img728.jpg,sideshow_bob
img729.jpg,ned_flanders
img730.jpg,ned_flanders
img731.jpg,abraham_grampa_simpson
img732.jpg,homer_simpson
img733.jpg,homer_simpson
img734.jpg,homer_simpson
img735.jpg,homer_simpson
img736.jpg,homer_simpson
img737.jpg,abraham_grampa_simpson
img738.jpg,abraham_grampa_simpson
img739.jpg,comic_book_guy
img740.jpg,homer_simpson
img741.jpg,homer_simpson
img742.jpg,sideshow_bob
img743.jpg,abraham_grampa_simpson
img744.jpg,abraham_grampa_simpson
img745.jpg,abraham_grampa_simpson
img746.jpg,homer_simpson
img747.jpg,krusty_the_clown
img748.jpg,sideshow_bob
img749.jpg,homer_simpson
img750.jpg,homer_simpson
img751.jpg,abraham_grampa_simpson
img752.jpg,homer_simpson
img753.jpg,ned_flanders
img754.jpg,abraham_grampa_simpson
img755.jpg,ned_flanders
img756.jpg,abraham_grampa_simpson
img757.jpg,abraham_grampa_simpson
img758.jpg,sideshow_bob
img759.jpg,abraham_grampa_simpson
img760.jpg,marge_simpson
img761.jpg,sideshow_bob
img762.jpg,milhouse_van_houten
img763.jpg,abraham_grampa_simpson
img764.jpg,abraham_grampa_simpson
img765.jpg,abraham_grampa_simpson
img766.jpg,ned_flanders
img767.jpg,abraham_grampa_simpson
img768.jpg,abraham_grampa_simpson
img769.jpg,ned_flanders
img770.jpg,abraham_grampa_simpson
img771.jpg,homer_simpson
img772.jpg,sideshow_bob
img773.jpg,sideshow_bob
img774.jpg,homer_simpson
img775.jpg,abraham_grampa_simpson
img776.jpg,homer_simpson
img777.jpg,marge_simpson
img778.jpg,abraham_grampa_simpson
img779.jpg,homer_simpson
img780.jpg,abraham_grampa_simpson
img781.jpg,homer_simpson
img782.jpg,sideshow_bob
img783.jpg,lisa_simpson
img784.jpg,homer_simpson
img785.jpg,marge_simpson
img786.jpg,milhouse_van_houten
img787.jpg,homer_simpson
img788.jpg,abraham_grampa_simpson
img789.jpg,homer_simpson
img790.jpg,abraham_grampa_simpson
img791.jpg,abraham_grampa_simpson
img792.jpg,comic_book_guy
img793.jpg,abraham_grampa_simpson
img794.jpg,homer_simpson
img795.jpg,homer_simpson
img796.jpg,lisa_simpson
img797.jpg,abraham_grampa_simpson
img798.jpg,abraham_grampa_simpson
img799.jpg,homer_simpson
img800.jpg,homer_simpson
img801.jpg,homer_simpson
img802.jpg,apu_nahasapeemapetilon
img803.jpg,abraham_grampa_simpson
img804.jpg,homer_simpson
img805.jpg,homer_simpson
img806.jpg,homer_simpson
img807.jpg,homer_simpson
img808.jpg,abraham_grampa_simpson
img809.jpg,abraham_grampa_simpson
img810.jpg,homer_simpson
img811.jpg,abraham_grampa_simpson
img812.jpg,homer_simpson
img813.jpg,homer_simpson
img814.jpg,abraham_grampa_simpson
img815.jpg,homer_simpson
img816.jpg,abraham_grampa_simpson
img817.jpg,homer_simpson
img818.jpg,homer_simpson
img819.jpg,homer_simpson
img820.jpg,abraham_grampa_simpson
img821.jpg,abraham_grampa_simpson
img822.jpg,homer_simpson
img823.jpg,chief_wiggum
img824.jpg,moe_szyslak
img825.jpg,abraham_grampa_simpson
img826.jpg,homer_simpson
img827.jpg,abraham_grampa_simpson
img828.jpg,sideshow_bob
img829.jpg,abraham_grampa_simpson
img830.jpg,homer_simpson
img831.jpg,abraham_grampa_simpson
img832.jpg,abraham_grampa_simpson
img833.jpg,abraham_grampa_simpson
img834.jpg,homer_simpson
img835.jpg,abraham_grampa_simpson
img836.jpg,abraham_grampa_simpson
img837.jpg,bart_simpson
img838.jpg,abraham_grampa_simpson
img839.jpg,marge_simpson
img840.jpg,marge_simpson
img841.jpg,abraham_grampa_simpson
img842.jpg,abraham_grampa_simpson
img843.jpg,abraham_grampa_simpson
img844.jpg,sideshow_bob
img845.jpg,homer_simpson
img846.jpg,abraham_grampa_simpson
img847.jpg,homer_simpson
img848.jpg,marge_simpson
img849.jpg,marge_simpson
img850.jpg,homer_simpson
img851.jpg,abraham_grampa_simpson
img852.jpg,homer_simpson
img853.jpg,abraham_grampa_simpson
img854.jpg,homer_simpson
img855.jpg,abraham_grampa_simpson
img856.jpg,bart_simpson
img857.jpg,homer_simpson
img858.jpg,marge_simpson
img859.jpg,homer_simpson
img860.jpg,homer_simpson
img861.jpg,abraham_grampa_simpson
img862.jpg,homer_simpson
img863.jpg,homer_simpson
img864.jpg,homer_simpson
img865.jpg,sideshow_bob
img866.jpg,abraham_grampa_simpson
img867.jpg,homer_simpson
img868.jpg,abraham_grampa_simpson
img869.jpg,lisa_simpson
img870.jpg,abraham_grampa_simpson
img871.jpg,homer_simpson
img872.jpg,homer_simpson
img873.jpg,homer_simpson
img874.jpg,homer_simpson
img875.jpg,abraham_grampa_simpson
img876.jpg,homer_simpson
img877.jpg,homer_simpson
img878.jpg,sideshow_bob
img879.jpg,abraham_grampa_simpson
img880.jpg,sideshow_bob
img881.jpg,homer_simpson
img882.jpg,sideshow_bob
img883.jpg,abraham_grampa_simpson
img884.jpg,abraham_grampa_simpson
img885.jpg,homer_simpson
img886.jpg,sideshow_bob
img887.jpg,abraham_grampa_simpson
img888.jpg,ned_flanders
img889.jpg,ned_flanders
img890.jpg,abraham_grampa_simpson
img891.jpg,abraham_grampa_simpson
img892.jpg,abraham_grampa_simpson
img893.jpg,abraham_grampa_simpson
img894.jpg,homer_simpson
img895.jpg,principal_skinner
img896.jpg,homer_simpson
img897.jpg,homer_simpson
img898.jpg,ned_flanders
img899.jpg,homer_simpson
img900.jpg,moe_szyslak
img901.jpg,homer_simpson
img902.jpg,homer_simpson
img903.jpg,homer_simpson
img904.jpg,abraham_grampa_simpson
img905.jpg,abraham_grampa_simpson
img906.jpg,bart_simpson
img907.jpg,abraham_grampa_simpson
img908.jpg,abraham_grampa_simpson
img909.jpg,ned_flanders
img910.jpg,abraham_grampa_simpson
img911.jpg,abraham_grampa_simpson
img912.jpg,abraham_grampa_simpson
img913.jpg,abraham_grampa_simpson
img914.jpg,abraham_grampa_simpson
img915.jpg,homer_simpson
img916.jpg,homer_simpson
img917.jpg,homer_simpson
img918.jpg,sideshow_bob
img919.jpg,comic_book_guy
img920.jpg,abraham_grampa_simpson
img921.jpg,abraham_grampa_simpson
img922.jpg,homer_simpson
img923.jpg,bart_simpson
img924.jpg,homer_simpson
img925.jpg,homer_simpson
img926.jpg,ned_flanders
img927.jpg,ned_flanders
img928.jpg,abraham_grampa_simpson
img929.jpg,abraham_grampa_simpson
img930.jpg,homer_simpson
img931.jpg,homer_simpson
img932.jpg,homer_simpson
img933.jpg,homer_simpson
img934.jpg,lisa_simpson
img935.jpg,abraham_grampa_simpson
img936.jpg,abraham_grampa_simpson
img937.jpg,homer_simpson
img938.jpg,abraham_grampa_simpson
img939.jpg,abraham_grampa_simpson
img940.jpg,homer_simpson
img941.jpg,ned_flanders
img942.jpg,homer_simpson
img943.jpg,homer_simpson
img944.jpg,krusty_the_clown
img945.jpg,sideshow_bob
img946.jpg,abraham_grampa_simpson
img947.jpg,homer_simpson
img948.jpg,homer_simpson
img949.jpg,abraham_grampa_simpson
img950.jpg,homer_simpson
img951.jpg,abraham_grampa_simpson
img952.jpg,homer_simpson
img953.jpg,abraham_grampa_simpson
img954.jpg,abraham_grampa_simpson
img955.jpg,abraham_grampa_simpson
img956.jpg,sideshow_bob
img957.jpg,homer_simpson
img958.jpg,homer_simpson
img959.jpg,abraham_grampa_simpson
img960.jpg,abraham_grampa_simpson
img961.jpg,abraham_grampa_simpson
img962.jpg,milhouse_van_houten
img963.jpg,homer_simpson
img964.jpg,abraham_grampa_simpson
img965.jpg,abraham_grampa_simpson
img966.jpg,homer_simpson
img967.jpg,abraham_grampa_simpson
img968.jpg,homer_simpson
img969.jpg,homer_simpson
img970.jpg,homer_simpson
img971.jpg,homer_simpson
img972.jpg,homer_simpson
img973.jpg,abraham_grampa_simpson
img974.jpg,abraham_grampa_simpson
img975.jpg,sideshow_bob
img976.jpg,homer_simpson
img977.jpg,abraham_grampa_simpson
img978.jpg,abraham_grampa_simpson
img979.jpg,sideshow_bob
img980.jpg,lisa_simpson
img981.jpg,ned_flanders
img982.jpg,abraham_grampa_simpson
img983.jpg,homer_simpson
img984.jpg,abraham_grampa_simpson
img985.jpg,homer_simpson
img986.jpg,homer_simpson
img987.jpg,sideshow_bob
img988.jpg,abraham_grampa_simpson
img989.jpg,sideshow_bob
img990.jpg,abraham_grampa_simpson
